t, examples/data/pdbbind_sample/1a7c/1a7c_pocket.pdb, examples/data/pdbbind_sample/1a7c/1a7c_ligand.sdf
t, examples/data/pdbbind_sample/1a7x/1a7x_pocket.pdb, examples/data/pdbbind_sample/1a7x/1a7x_ligand.sdf
t, examples/data/pdbbind_sample/1ahx/1ahx_pocket.pdb, examples/data/pdbbind_sample/1ahx/1ahx_ligand.sdf
t, examples/data/pdbbind_sample/1azx/1azx_pocket.pdb, examples/data/pdbbind_sample/1azx/1azx_ligand.sdf
t, examples/data/pdbbind_sample/1b6m/1b6m_pocket.pdb, examples/data/pdbbind_sample/1b6m/1b6m_ligand.sdf
t, examples/data/pdbbind_sample/1b6p/1b6p_pocket.pdb, examples/data/pdbbind_sample/1b6p/1b6p_ligand.sdf
t, examples/data/pdbbind_sample/1bcj/1bcj_pocket.pdb, examples/data/pdbbind_sample/1bcj/1bcj_ligand.sdf
t, examples/data/pdbbind_sample/1bmb/1bmb_pocket.pdb, examples/data/pdbbind_sample/1bmb/1bmb_ligand.sdf
t, examples/data/pdbbind_sample/1bzs/1bzs_pocket.pdb, examples/data/pdbbind_sample/1bzs/1bzs_ligand.sdf
t, examples/data/pdbbind_sample/1c9d/1c9d_pocket.pdb, examples/data/pdbbind_sample/1c9d/1c9d_ligand.sdf
t, examples/data/pdbbind_sample/1e1y/1e1y_pocket.pdb, examples/data/pdbbind_sample/1e1y/1e1y_ligand.sdf
t, examples/data/pdbbind_sample/1ftl/1ftl_pocket.pdb, examples/data/pdbbind_sample/1ftl/1ftl_ligand.sdf
t, examples/data/pdbbind_sample/1g1e/1g1e_pocket.pdb, examples/data/pdbbind_sample/1g1e/1g1e_ligand.sdf
t, examples/data/pdbbind_sample/1g49/1g49_pocket.pdb, examples/data/pdbbind_sample/1g49/1g49_ligand.sdf
t, examples/data/pdbbind_sample/1gcz/1gcz_pocket.pdb, examples/data/pdbbind_sample/1gcz/1gcz_ligand.sdf
t, examples/data/pdbbind_sample/1h9z/1h9z_pocket.pdb, examples/data/pdbbind_sample/1h9z/1h9z_ligand.sdf
t, examples/data/pdbbind_sample/1ha2/1ha2_pocket.pdb, examples/data/pdbbind_sample/1ha2/1ha2_ligand.sdf
t, examples/data/pdbbind_sample/1i7c/1i7c_pocket.pdb, examples/data/pdbbind_sample/1i7c/1i7c_ligand.sdf
t, examples/data/pdbbind_sample/1i80/1i80_pocket.pdb, examples/data/pdbbind_sample/1i80/1i80_ligand.sdf
t, examples/data/pdbbind_sample/1iem/1iem_pocket.pdb, examples/data/pdbbind_sample/1iem/1iem_ligand.sdf
t, examples/data/pdbbind_sample/1j5i/1j5i_pocket.pdb, examples/data/pdbbind_sample/1j5i/1j5i_ligand.sdf
t, examples/data/pdbbind_sample/1kcs/1kcs_pocket.pdb, examples/data/pdbbind_sample/1kcs/1kcs_ligand.sdf
t, examples/data/pdbbind_sample/1lcj/1lcj_pocket.pdb, examples/data/pdbbind_sample/1lcj/1lcj_ligand.sdf
t, examples/data/pdbbind_sample/1ljt/1ljt_pocket.pdb, examples/data/pdbbind_sample/1ljt/1ljt_ligand.sdf
t, examples/data/pdbbind_sample/1mx1/1mx1_pocket.pdb, examples/data/pdbbind_sample/1mx1/1mx1_ligand.sdf
t, examples/data/pdbbind_sample/1n8u/1n8u_pocket.pdb, examples/data/pdbbind_sample/1n8u/1n8u_ligand.sdf
t, examples/data/pdbbind_sample/1nl4/1nl4_pocket.pdb, examples/data/pdbbind_sample/1nl4/1nl4_ligand.sdf
t, examples/data/pdbbind_sample/1o4e/1o4e_pocket.pdb, examples/data/pdbbind_sample/1o4e/1o4e_ligand.sdf
t, examples/data/pdbbind_sample/1owk/1owk_pocket.pdb, examples/data/pdbbind_sample/1owk/1owk_ligand.sdf
t, examples/data/pdbbind_sample/1p6d/1p6d_pocket.pdb, examples/data/pdbbind_sample/1p6d/1p6d_ligand.sdf
t, examples/data/pdbbind_sample/1pmu/1pmu_pocket.pdb, examples/data/pdbbind_sample/1pmu/1pmu_ligand.sdf
t, examples/data/pdbbind_sample/1pq6/1pq6_pocket.pdb, examples/data/pdbbind_sample/1pq6/1pq6_ligand.sdf
t, examples/data/pdbbind_sample/1pum/1pum_pocket.pdb, examples/data/pdbbind_sample/1pum/1pum_ligand.sdf
t, examples/data/pdbbind_sample/1py2/1py2_pocket.pdb, examples/data/pdbbind_sample/1py2/1py2_ligand.sdf
t, examples/data/pdbbind_sample/1pzj/1pzj_pocket.pdb, examples/data/pdbbind_sample/1pzj/1pzj_ligand.sdf
t, examples/data/pdbbind_sample/1qaq/1qaq_pocket.pdb, examples/data/pdbbind_sample/1qaq/1qaq_ligand.sdf
t, examples/data/pdbbind_sample/1qj7/1qj7_pocket.pdb, examples/data/pdbbind_sample/1qj7/1qj7_ligand.sdf
t, examples/data/pdbbind_sample/1qpf/1qpf_pocket.pdb, examples/data/pdbbind_sample/1qpf/1qpf_ligand.sdf
t, examples/data/pdbbind_sample/1qx1/1qx1_pocket.pdb, examples/data/pdbbind_sample/1qx1/1qx1_ligand.sdf
t, examples/data/pdbbind_sample/1rbo/1rbo_pocket.pdb, examples/data/pdbbind_sample/1rbo/1rbo_ligand.sdf
t, examples/data/pdbbind_sample/1rhj/1rhj_pocket.pdb, examples/data/pdbbind_sample/1rhj/1rhj_ligand.sdf
t, examples/data/pdbbind_sample/1rhq/1rhq_pocket.pdb, examples/data/pdbbind_sample/1rhq/1rhq_ligand.sdf
t, examples/data/pdbbind_sample/1sqb/1sqb_pocket.pdb, examples/data/pdbbind_sample/1sqb/1sqb_ligand.sdf
t, examples/data/pdbbind_sample/1std/1std_pocket.pdb, examples/data/pdbbind_sample/1std/1std_ligand.sdf
t, examples/data/pdbbind_sample/1swk/1swk_pocket.pdb, examples/data/pdbbind_sample/1swk/1swk_ligand.sdf
t, examples/data/pdbbind_sample/1toj/1toj_pocket.pdb, examples/data/pdbbind_sample/1toj/1toj_ligand.sdf
t, examples/data/pdbbind_sample/1utz/1utz_pocket.pdb, examples/data/pdbbind_sample/1utz/1utz_ligand.sdf
t, examples/data/pdbbind_sample/1v0o/1v0o_pocket.pdb, examples/data/pdbbind_sample/1v0o/1v0o_ligand.sdf
t, examples/data/pdbbind_sample/1waw/1waw_pocket.pdb, examples/data/pdbbind_sample/1waw/1waw_ligand.sdf
t, examples/data/pdbbind_sample/1wbv/1wbv_pocket.pdb, examples/data/pdbbind_sample/1wbv/1wbv_ligand.sdf
t, examples/data/pdbbind_sample/1wdq/1wdq_pocket.pdb, examples/data/pdbbind_sample/1wdq/1wdq_ligand.sdf
t, examples/data/pdbbind_sample/1x11/1x11_pocket.pdb, examples/data/pdbbind_sample/1x11/1x11_ligand.sdf
t, examples/data/pdbbind_sample/1xh7/1xh7_pocket.pdb, examples/data/pdbbind_sample/1xh7/1xh7_ligand.sdf
t, examples/data/pdbbind_sample/1xhm/1xhm_pocket.pdb, examples/data/pdbbind_sample/1xhm/1xhm_ligand.sdf
t, examples/data/pdbbind_sample/1xo2/1xo2_pocket.pdb, examples/data/pdbbind_sample/1xo2/1xo2_ligand.sdf
t, examples/data/pdbbind_sample/1ym4/1ym4_pocket.pdb, examples/data/pdbbind_sample/1ym4/1ym4_ligand.sdf
t, examples/data/pdbbind_sample/1ysi/1ysi_pocket.pdb, examples/data/pdbbind_sample/1ysi/1ysi_ligand.sdf
t, examples/data/pdbbind_sample/1z2b/1z2b_pocket.pdb, examples/data/pdbbind_sample/1z2b/1z2b_ligand.sdf
t, examples/data/pdbbind_sample/1z3j/1z3j_pocket.pdb, examples/data/pdbbind_sample/1z3j/1z3j_ligand.sdf
t, examples/data/pdbbind_sample/1zd4/1zd4_pocket.pdb, examples/data/pdbbind_sample/1zd4/1zd4_ligand.sdf
t, examples/data/pdbbind_sample/2aez/2aez_pocket.pdb, examples/data/pdbbind_sample/2aez/2aez_ligand.sdf
t, examples/data/pdbbind_sample/2aia/2aia_pocket.pdb, examples/data/pdbbind_sample/2aia/2aia_ligand.sdf
t, examples/data/pdbbind_sample/2aoj/2aoj_pocket.pdb, examples/data/pdbbind_sample/2aoj/2aoj_ligand.sdf
t, examples/data/pdbbind_sample/2ate/2ate_pocket.pdb, examples/data/pdbbind_sample/2ate/2ate_ligand.sdf
t, examples/data/pdbbind_sample/2ay7/2ay7_pocket.pdb, examples/data/pdbbind_sample/2ay7/2ay7_ligand.sdf
t, examples/data/pdbbind_sample/2az5/2az5_pocket.pdb, examples/data/pdbbind_sample/2az5/2az5_ligand.sdf
t, examples/data/pdbbind_sample/2azb/2azb_pocket.pdb, examples/data/pdbbind_sample/2azb/2azb_ligand.sdf
t, examples/data/pdbbind_sample/2be2/2be2_pocket.pdb, examples/data/pdbbind_sample/2be2/2be2_ligand.sdf
t, examples/data/pdbbind_sample/2bz5/2bz5_pocket.pdb, examples/data/pdbbind_sample/2bz5/2bz5_ligand.sdf
t, examples/data/pdbbind_sample/2c57/2c57_pocket.pdb, examples/data/pdbbind_sample/2c57/2c57_ligand.sdf
t, examples/data/pdbbind_sample/2c6m/2c6m_pocket.pdb, examples/data/pdbbind_sample/2c6m/2c6m_ligand.sdf
t, examples/data/pdbbind_sample/2e9n/2e9n_pocket.pdb, examples/data/pdbbind_sample/2e9n/2e9n_ligand.sdf
t, examples/data/pdbbind_sample/2f2c/2f2c_pocket.pdb, examples/data/pdbbind_sample/2f2c/2f2c_ligand.sdf
t, examples/data/pdbbind_sample/2f6j/2f6j_pocket.pdb, examples/data/pdbbind_sample/2f6j/2f6j_ligand.sdf
t, examples/data/pdbbind_sample/2ff1/2ff1_pocket.pdb, examples/data/pdbbind_sample/2ff1/2ff1_ligand.sdf
t, examples/data/pdbbind_sample/2fme/2fme_pocket.pdb, examples/data/pdbbind_sample/2fme/2fme_ligand.sdf
t, examples/data/pdbbind_sample/2g0h/2g0h_pocket.pdb, examples/data/pdbbind_sample/2g0h/2g0h_ligand.sdf
t, examples/data/pdbbind_sample/2gc8/2gc8_pocket.pdb, examples/data/pdbbind_sample/2gc8/2gc8_ligand.sdf
t, examples/data/pdbbind_sample/2ghg/2ghg_pocket.pdb, examples/data/pdbbind_sample/2ghg/2ghg_ligand.sdf
t, examples/data/pdbbind_sample/2h5j/2h5j_pocket.pdb, examples/data/pdbbind_sample/2h5j/2h5j_ligand.sdf
t, examples/data/pdbbind_sample/2h65/2h65_pocket.pdb, examples/data/pdbbind_sample/2h65/2h65_ligand.sdf
t, examples/data/pdbbind_sample/2h9m/2h9m_pocket.pdb, examples/data/pdbbind_sample/2h9m/2h9m_ligand.sdf
t, examples/data/pdbbind_sample/2jdo/2jdo_pocket.pdb, examples/data/pdbbind_sample/2jdo/2jdo_ligand.sdf
t, examples/data/pdbbind_sample/2jsd/2jsd_pocket.pdb, examples/data/pdbbind_sample/2jsd/2jsd_ligand.sdf
t, examples/data/pdbbind_sample/2k0x/2k0x_pocket.pdb, examples/data/pdbbind_sample/2k0x/2k0x_ligand.sdf
t, examples/data/pdbbind_sample/2kmx/2kmx_pocket.pdb, examples/data/pdbbind_sample/2kmx/2kmx_ligand.sdf
t, examples/data/pdbbind_sample/2mlm/2mlm_pocket.pdb, examples/data/pdbbind_sample/2mlm/2mlm_ligand.sdf
t, examples/data/pdbbind_sample/2nnq/2nnq_pocket.pdb, examples/data/pdbbind_sample/2nnq/2nnq_ligand.sdf
t, examples/data/pdbbind_sample/2o1v/2o1v_pocket.pdb, examples/data/pdbbind_sample/2o1v/2o1v_ligand.sdf
t, examples/data/pdbbind_sample/2oh0/2oh0_pocket.pdb, examples/data/pdbbind_sample/2oh0/2oh0_ligand.sdf
t, examples/data/pdbbind_sample/2ohl/2ohl_pocket.pdb, examples/data/pdbbind_sample/2ohl/2ohl_ligand.sdf
t, examples/data/pdbbind_sample/2ohr/2ohr_pocket.pdb, examples/data/pdbbind_sample/2ohr/2ohr_ligand.sdf
t, examples/data/pdbbind_sample/2oi9/2oi9_pocket.pdb, examples/data/pdbbind_sample/2oi9/2oi9_ligand.sdf
t, examples/data/pdbbind_sample/2pt9/2pt9_pocket.pdb, examples/data/pdbbind_sample/2pt9/2pt9_ligand.sdf
t, examples/data/pdbbind_sample/2qlb/2qlb_pocket.pdb, examples/data/pdbbind_sample/2qlb/2qlb_ligand.sdf
t, examples/data/pdbbind_sample/2qnx/2qnx_pocket.pdb, examples/data/pdbbind_sample/2qnx/2qnx_ligand.sdf
t, examples/data/pdbbind_sample/2qq7/2qq7_pocket.pdb, examples/data/pdbbind_sample/2qq7/2qq7_ligand.sdf
t, examples/data/pdbbind_sample/2qu5/2qu5_pocket.pdb, examples/data/pdbbind_sample/2qu5/2qu5_ligand.sdf
t, examples/data/pdbbind_sample/2r02/2r02_pocket.pdb, examples/data/pdbbind_sample/2r02/2r02_ligand.sdf
t, examples/data/pdbbind_sample/2r6y/2r6y_pocket.pdb, examples/data/pdbbind_sample/2r6y/2r6y_ligand.sdf
t, examples/data/pdbbind_sample/2uzn/2uzn_pocket.pdb, examples/data/pdbbind_sample/2uzn/2uzn_ligand.sdf
t, examples/data/pdbbind_sample/2vcg/2vcg_pocket.pdb, examples/data/pdbbind_sample/2vcg/2vcg_ligand.sdf
t, examples/data/pdbbind_sample/2vcq/2vcq_pocket.pdb, examples/data/pdbbind_sample/2vcq/2vcq_ligand.sdf
t, examples/data/pdbbind_sample/2vth/2vth_pocket.pdb, examples/data/pdbbind_sample/2vth/2vth_ligand.sdf
t, examples/data/pdbbind_sample/2vtp/2vtp_pocket.pdb, examples/data/pdbbind_sample/2vtp/2vtp_ligand.sdf
t, examples/data/pdbbind_sample/2vx0/2vx0_pocket.pdb, examples/data/pdbbind_sample/2vx0/2vx0_ligand.sdf
t, examples/data/pdbbind_sample/2w77/2w77_pocket.pdb, examples/data/pdbbind_sample/2w77/2w77_ligand.sdf
t, examples/data/pdbbind_sample/2w8g/2w8g_pocket.pdb, examples/data/pdbbind_sample/2w8g/2w8g_ligand.sdf
t, examples/data/pdbbind_sample/2wd1/2wd1_pocket.pdb, examples/data/pdbbind_sample/2wd1/2wd1_ligand.sdf
t, examples/data/pdbbind_sample/2wey/2wey_pocket.pdb, examples/data/pdbbind_sample/2wey/2wey_ligand.sdf
t, examples/data/pdbbind_sample/2who/2who_pocket.pdb, examples/data/pdbbind_sample/2who/2who_ligand.sdf
t, examples/data/pdbbind_sample/2wtd/2wtd_pocket.pdb, examples/data/pdbbind_sample/2wtd/2wtd_ligand.sdf
t, examples/data/pdbbind_sample/2wti/2wti_pocket.pdb, examples/data/pdbbind_sample/2wti/2wti_ligand.sdf
t, examples/data/pdbbind_sample/2wu6/2wu6_pocket.pdb, examples/data/pdbbind_sample/2wu6/2wu6_ligand.sdf
t, examples/data/pdbbind_sample/2wwj/2wwj_pocket.pdb, examples/data/pdbbind_sample/2wwj/2wwj_ligand.sdf
t, examples/data/pdbbind_sample/2wxd/2wxd_pocket.pdb, examples/data/pdbbind_sample/2wxd/2wxd_ligand.sdf
t, examples/data/pdbbind_sample/2wzy/2wzy_pocket.pdb, examples/data/pdbbind_sample/2wzy/2wzy_ligand.sdf
t, examples/data/pdbbind_sample/2xcg/2xcg_pocket.pdb, examples/data/pdbbind_sample/2xcg/2xcg_ligand.sdf
t, examples/data/pdbbind_sample/2xk8/2xk8_pocket.pdb, examples/data/pdbbind_sample/2xk8/2xk8_ligand.sdf
t, examples/data/pdbbind_sample/2xln/2xln_pocket.pdb, examples/data/pdbbind_sample/2xln/2xln_ligand.sdf
t, examples/data/pdbbind_sample/2yhd/2yhd_pocket.pdb, examples/data/pdbbind_sample/2yhd/2yhd_ligand.sdf
t, examples/data/pdbbind_sample/2ymt/2ymt_pocket.pdb, examples/data/pdbbind_sample/2ymt/2ymt_ligand.sdf
t, examples/data/pdbbind_sample/2zjf/2zjf_pocket.pdb, examples/data/pdbbind_sample/2zjf/2zjf_ligand.sdf
t, examples/data/pdbbind_sample/2zns/2zns_pocket.pdb, examples/data/pdbbind_sample/2zns/2zns_ligand.sdf
t, examples/data/pdbbind_sample/2zpk/2zpk_pocket.pdb, examples/data/pdbbind_sample/2zpk/2zpk_ligand.sdf
t, examples/data/pdbbind_sample/2zu5/2zu5_pocket.pdb, examples/data/pdbbind_sample/2zu5/2zu5_ligand.sdf
t, examples/data/pdbbind_sample/2zv2/2zv2_pocket.pdb, examples/data/pdbbind_sample/2zv2/2zv2_ligand.sdf
t, examples/data/pdbbind_sample/3a4o/3a4o_pocket.pdb, examples/data/pdbbind_sample/3a4o/3a4o_ligand.sdf
t, examples/data/pdbbind_sample/3aav/3aav_pocket.pdb, examples/data/pdbbind_sample/3aav/3aav_ligand.sdf
t, examples/data/pdbbind_sample/3b8h/3b8h_pocket.pdb, examples/data/pdbbind_sample/3b8h/3b8h_ligand.sdf
t, examples/data/pdbbind_sample/3bl2/3bl2_pocket.pdb, examples/data/pdbbind_sample/3bl2/3bl2_ligand.sdf
t, examples/data/pdbbind_sample/3blu/3blu_pocket.pdb, examples/data/pdbbind_sample/3blu/3blu_ligand.sdf
t, examples/data/pdbbind_sample/3br9/3br9_pocket.pdb, examples/data/pdbbind_sample/3br9/3br9_ligand.sdf
t, examples/data/pdbbind_sample/3bxs/3bxs_pocket.pdb, examples/data/pdbbind_sample/3bxs/3bxs_ligand.sdf
t, examples/data/pdbbind_sample/3c4f/3c4f_pocket.pdb, examples/data/pdbbind_sample/3c4f/3c4f_ligand.sdf
t, examples/data/pdbbind_sample/3che/3che_pocket.pdb, examples/data/pdbbind_sample/3che/3che_ligand.sdf
t, examples/data/pdbbind_sample/3cib/3cib_pocket.pdb, examples/data/pdbbind_sample/3cib/3cib_ligand.sdf
t, examples/data/pdbbind_sample/3d7f/3d7f_pocket.pdb, examples/data/pdbbind_sample/3d7f/3d7f_ligand.sdf
t, examples/data/pdbbind_sample/3dba/3dba_pocket.pdb, examples/data/pdbbind_sample/3dba/3dba_ligand.sdf
t, examples/data/pdbbind_sample/3dcq/3dcq_pocket.pdb, examples/data/pdbbind_sample/3dcq/3dcq_ligand.sdf
t, examples/data/pdbbind_sample/3dda/3dda_pocket.pdb, examples/data/pdbbind_sample/3dda/3dda_ligand.sdf
t, examples/data/pdbbind_sample/3du8/3du8_pocket.pdb, examples/data/pdbbind_sample/3du8/3du8_ligand.sdf
t, examples/data/pdbbind_sample/3e01/3e01_pocket.pdb, examples/data/pdbbind_sample/3e01/3e01_ligand.sdf
t, examples/data/pdbbind_sample/3e7a/3e7a_pocket.pdb, examples/data/pdbbind_sample/3e7a/3e7a_ligand.sdf
t, examples/data/pdbbind_sample/3ens/3ens_pocket.pdb, examples/data/pdbbind_sample/3ens/3ens_ligand.sdf
t, examples/data/pdbbind_sample/3eoc/3eoc_pocket.pdb, examples/data/pdbbind_sample/3eoc/3eoc_ligand.sdf
t, examples/data/pdbbind_sample/3eor/3eor_pocket.pdb, examples/data/pdbbind_sample/3eor/3eor_ligand.sdf
t, examples/data/pdbbind_sample/3eov/3eov_pocket.pdb, examples/data/pdbbind_sample/3eov/3eov_ligand.sdf
t, examples/data/pdbbind_sample/3eyh/3eyh_pocket.pdb, examples/data/pdbbind_sample/3eyh/3eyh_ligand.sdf
t, examples/data/pdbbind_sample/3f7u/3f7u_pocket.pdb, examples/data/pdbbind_sample/3f7u/3f7u_ligand.sdf
t, examples/data/pdbbind_sample/3fc8/3fc8_pocket.pdb, examples/data/pdbbind_sample/3fc8/3fc8_ligand.sdf
t, examples/data/pdbbind_sample/3fej/3fej_pocket.pdb, examples/data/pdbbind_sample/3fej/3fej_ligand.sdf
t, examples/data/pdbbind_sample/3fr4/3fr4_pocket.pdb, examples/data/pdbbind_sample/3fr4/3fr4_ligand.sdf
t, examples/data/pdbbind_sample/3ftu/3ftu_pocket.pdb, examples/data/pdbbind_sample/3ftu/3ftu_ligand.sdf
t, examples/data/pdbbind_sample/3fuk/3fuk_pocket.pdb, examples/data/pdbbind_sample/3fuk/3fuk_ligand.sdf
t, examples/data/pdbbind_sample/3fw4/3fw4_pocket.pdb, examples/data/pdbbind_sample/3fw4/3fw4_ligand.sdf
t, examples/data/pdbbind_sample/3fyk/3fyk_pocket.pdb, examples/data/pdbbind_sample/3fyk/3fyk_ligand.sdf
t, examples/data/pdbbind_sample/3g15/3g15_pocket.pdb, examples/data/pdbbind_sample/3g15/3g15_ligand.sdf
t, examples/data/pdbbind_sample/3gf2/3gf2_pocket.pdb, examples/data/pdbbind_sample/3gf2/3gf2_ligand.sdf
t, examples/data/pdbbind_sample/3gsg/3gsg_pocket.pdb, examples/data/pdbbind_sample/3gsg/3gsg_ligand.sdf
t, examples/data/pdbbind_sample/3h26/3h26_pocket.pdb, examples/data/pdbbind_sample/3h26/3h26_ligand.sdf
t, examples/data/pdbbind_sample/3h8c/3h8c_pocket.pdb, examples/data/pdbbind_sample/3h8c/3h8c_ligand.sdf
t, examples/data/pdbbind_sample/3i7c/3i7c_pocket.pdb, examples/data/pdbbind_sample/3i7c/3i7c_ligand.sdf
t, examples/data/pdbbind_sample/3ig1/3ig1_pocket.pdb, examples/data/pdbbind_sample/3ig1/3ig1_ligand.sdf
t, examples/data/pdbbind_sample/3ijy/3ijy_pocket.pdb, examples/data/pdbbind_sample/3ijy/3ijy_ligand.sdf
t, examples/data/pdbbind_sample/3ind/3ind_pocket.pdb, examples/data/pdbbind_sample/3ind/3ind_ligand.sdf
t, examples/data/pdbbind_sample/3inh/3inh_pocket.pdb, examples/data/pdbbind_sample/3inh/3inh_ligand.sdf
t, examples/data/pdbbind_sample/3jzo/3jzo_pocket.pdb, examples/data/pdbbind_sample/3jzo/3jzo_ligand.sdf
t, examples/data/pdbbind_sample/3k5u/3k5u_pocket.pdb, examples/data/pdbbind_sample/3k5u/3k5u_ligand.sdf
t, examples/data/pdbbind_sample/3kb3/3kb3_pocket.pdb, examples/data/pdbbind_sample/3kb3/3kb3_ligand.sdf
t, examples/data/pdbbind_sample/3kdu/3kdu_pocket.pdb, examples/data/pdbbind_sample/3kdu/3kdu_ligand.sdf
t, examples/data/pdbbind_sample/3kx1/3kx1_pocket.pdb, examples/data/pdbbind_sample/3kx1/3kx1_ligand.sdf
t, examples/data/pdbbind_sample/3kyr/3kyr_pocket.pdb, examples/data/pdbbind_sample/3kyr/3kyr_ligand.sdf
t, examples/data/pdbbind_sample/3l0e/3l0e_pocket.pdb, examples/data/pdbbind_sample/3l0e/3l0e_ligand.sdf
t, examples/data/pdbbind_sample/3l58/3l58_pocket.pdb, examples/data/pdbbind_sample/3l58/3l58_ligand.sdf
t, examples/data/pdbbind_sample/3lj7/3lj7_pocket.pdb, examples/data/pdbbind_sample/3lj7/3lj7_ligand.sdf
t, examples/data/pdbbind_sample/3lk0/3lk0_pocket.pdb, examples/data/pdbbind_sample/3lk0/3lk0_ligand.sdf
t, examples/data/pdbbind_sample/3lp1/3lp1_pocket.pdb, examples/data/pdbbind_sample/3lp1/3lp1_ligand.sdf
t, examples/data/pdbbind_sample/3lqi/3lqi_pocket.pdb, examples/data/pdbbind_sample/3lqi/3lqi_ligand.sdf
t, examples/data/pdbbind_sample/3mj2/3mj2_pocket.pdb, examples/data/pdbbind_sample/3mj2/3mj2_ligand.sdf
t, examples/data/pdbbind_sample/3ms4/3ms4_pocket.pdb, examples/data/pdbbind_sample/3ms4/3ms4_ligand.sdf
t, examples/data/pdbbind_sample/3ms7/3ms7_pocket.pdb, examples/data/pdbbind_sample/3ms7/3ms7_ligand.sdf
t, examples/data/pdbbind_sample/3muf/3muf_pocket.pdb, examples/data/pdbbind_sample/3muf/3muf_ligand.sdf
t, examples/data/pdbbind_sample/3n8n/3n8n_pocket.pdb, examples/data/pdbbind_sample/3n8n/3n8n_ligand.sdf
t, examples/data/pdbbind_sample/3nf3/3nf3_pocket.pdb, examples/data/pdbbind_sample/3nf3/3nf3_ligand.sdf
t, examples/data/pdbbind_sample/3nf7/3nf7_pocket.pdb, examples/data/pdbbind_sample/3nf7/3nf7_ligand.sdf
t, examples/data/pdbbind_sample/3nww/3nww_pocket.pdb, examples/data/pdbbind_sample/3nww/3nww_ligand.sdf
t, examples/data/pdbbind_sample/3o8g/3o8g_pocket.pdb, examples/data/pdbbind_sample/3o8g/3o8g_ligand.sdf
t, examples/data/pdbbind_sample/3oe6/3oe6_pocket.pdb, examples/data/pdbbind_sample/3oe6/3oe6_ligand.sdf
t, examples/data/pdbbind_sample/3p4w/3p4w_pocket.pdb, examples/data/pdbbind_sample/3p4w/3p4w_ligand.sdf
t, examples/data/pdbbind_sample/3pjc/3pjc_pocket.pdb, examples/data/pdbbind_sample/3pjc/3pjc_ligand.sdf
t, examples/data/pdbbind_sample/3prf/3prf_pocket.pdb, examples/data/pdbbind_sample/3prf/3prf_ligand.sdf
t, examples/data/pdbbind_sample/3pvw/3pvw_pocket.pdb, examples/data/pdbbind_sample/3pvw/3pvw_ligand.sdf
t, examples/data/pdbbind_sample/3pxz/3pxz_pocket.pdb, examples/data/pdbbind_sample/3pxz/3pxz_ligand.sdf
t, examples/data/pdbbind_sample/3q6k/3q6k_pocket.pdb, examples/data/pdbbind_sample/3q6k/3q6k_ligand.sdf
t, examples/data/pdbbind_sample/3qio/3qio_pocket.pdb, examples/data/pdbbind_sample/3qio/3qio_ligand.sdf
t, examples/data/pdbbind_sample/3qo9/3qo9_pocket.pdb, examples/data/pdbbind_sample/3qo9/3qo9_ligand.sdf
t, examples/data/pdbbind_sample/3qqk/3qqk_pocket.pdb, examples/data/pdbbind_sample/3qqk/3qqk_ligand.sdf
t, examples/data/pdbbind_sample/3qw7/3qw7_pocket.pdb, examples/data/pdbbind_sample/3qw7/3qw7_ligand.sdf
t, examples/data/pdbbind_sample/3rkb/3rkb_pocket.pdb, examples/data/pdbbind_sample/3rkb/3rkb_ligand.sdf
v, examples/data/pdbbind_sample/3ro4/3ro4_pocket.pdb, examples/data/pdbbind_sample/3ro4/3ro4_ligand.sdf
v, examples/data/pdbbind_sample/3rwc/3rwc_pocket.pdb, examples/data/pdbbind_sample/3rwc/3rwc_ligand.sdf
v, examples/data/pdbbind_sample/3rxe/3rxe_pocket.pdb, examples/data/pdbbind_sample/3rxe/3rxe_ligand.sdf
v, examples/data/pdbbind_sample/3s56/3s56_pocket.pdb, examples/data/pdbbind_sample/3s56/3s56_ligand.sdf
v, examples/data/pdbbind_sample/3sd5/3sd5_pocket.pdb, examples/data/pdbbind_sample/3sd5/3sd5_ligand.sdf
v, examples/data/pdbbind_sample/3snl/3snl_pocket.pdb, examples/data/pdbbind_sample/3snl/3snl_ligand.sdf
v, examples/data/pdbbind_sample/3t4h/3t4h_pocket.pdb, examples/data/pdbbind_sample/3t4h/3t4h_ligand.sdf
v, examples/data/pdbbind_sample/3t5i/3t5i_pocket.pdb, examples/data/pdbbind_sample/3t5i/3t5i_ligand.sdf
v, examples/data/pdbbind_sample/3th0/3th0_pocket.pdb, examples/data/pdbbind_sample/3th0/3th0_ligand.sdf
v, examples/data/pdbbind_sample/3ti8/3ti8_pocket.pdb, examples/data/pdbbind_sample/3ti8/3ti8_ligand.sdf
v, examples/data/pdbbind_sample/3tv6/3tv6_pocket.pdb, examples/data/pdbbind_sample/3tv6/3tv6_ligand.sdf
v, examples/data/pdbbind_sample/3twd/3twd_pocket.pdb, examples/data/pdbbind_sample/3twd/3twd_ligand.sdf
v, examples/data/pdbbind_sample/3tyq/3tyq_pocket.pdb, examples/data/pdbbind_sample/3tyq/3tyq_ligand.sdf
v, examples/data/pdbbind_sample/3uat/3uat_pocket.pdb, examples/data/pdbbind_sample/3uat/3uat_ligand.sdf
v, examples/data/pdbbind_sample/3ufl/3ufl_pocket.pdb, examples/data/pdbbind_sample/3ufl/3ufl_ligand.sdf
v, examples/data/pdbbind_sample/3umw/3umw_pocket.pdb, examples/data/pdbbind_sample/3umw/3umw_ligand.sdf
v, examples/data/pdbbind_sample/3unj/3unj_pocket.pdb, examples/data/pdbbind_sample/3unj/3unj_ligand.sdf
v, examples/data/pdbbind_sample/3vnt/3vnt_pocket.pdb, examples/data/pdbbind_sample/3vnt/3vnt_ligand.sdf
v, examples/data/pdbbind_sample/3vsx/3vsx_pocket.pdb, examples/data/pdbbind_sample/3vsx/3vsx_ligand.sdf
v, examples/data/pdbbind_sample/3w2t/3w2t_pocket.pdb, examples/data/pdbbind_sample/3w2t/3w2t_ligand.sdf
v, examples/data/pdbbind_sample/3wcb/3wcb_pocket.pdb, examples/data/pdbbind_sample/3wcb/3wcb_ligand.sdf
v, examples/data/pdbbind_sample/3wkd/3wkd_pocket.pdb, examples/data/pdbbind_sample/3wkd/3wkd_ligand.sdf
v, examples/data/pdbbind_sample/3wuv/3wuv_pocket.pdb, examples/data/pdbbind_sample/3wuv/3wuv_ligand.sdf
v, examples/data/pdbbind_sample/3zjt/3zjt_pocket.pdb, examples/data/pdbbind_sample/3zjt/3zjt_ligand.sdf
v, examples/data/pdbbind_sample/3zrk/3zrk_pocket.pdb, examples/data/pdbbind_sample/3zrk/3zrk_ligand.sdf
v, examples/data/pdbbind_sample/3zw3/3zw3_pocket.pdb, examples/data/pdbbind_sample/3zw3/3zw3_ligand.sdf
v, examples/data/pdbbind_sample/3zy5/3zy5_pocket.pdb, examples/data/pdbbind_sample/3zy5/3zy5_ligand.sdf
v, examples/data/pdbbind_sample/4abj/4abj_pocket.pdb, examples/data/pdbbind_sample/4abj/4abj_ligand.sdf
v, examples/data/pdbbind_sample/4anx/4anx_pocket.pdb, examples/data/pdbbind_sample/4anx/4anx_ligand.sdf
v, examples/data/pdbbind_sample/4aqc/4aqc_pocket.pdb, examples/data/pdbbind_sample/4aqc/4aqc_ligand.sdf
v, examples/data/pdbbind_sample/4b6c/4b6c_pocket.pdb, examples/data/pdbbind_sample/4b6c/4b6c_ligand.sdf
v, examples/data/pdbbind_sample/4b95/4b95_pocket.pdb, examples/data/pdbbind_sample/4b95/4b95_ligand.sdf
v, examples/data/pdbbind_sample/4bfp/4bfp_pocket.pdb, examples/data/pdbbind_sample/4bfp/4bfp_ligand.sdf
v, examples/data/pdbbind_sample/4bgm/4bgm_pocket.pdb, examples/data/pdbbind_sample/4bgm/4bgm_ligand.sdf
v, examples/data/pdbbind_sample/4bpj/4bpj_pocket.pdb, examples/data/pdbbind_sample/4bpj/4bpj_ligand.sdf
v, examples/data/pdbbind_sample/4cbt/4cbt_pocket.pdb, examples/data/pdbbind_sample/4cbt/4cbt_ligand.sdf
v, examples/data/pdbbind_sample/4ce1/4ce1_pocket.pdb, examples/data/pdbbind_sample/4ce1/4ce1_ligand.sdf
v, examples/data/pdbbind_sample/4cwb/4cwb_pocket.pdb, examples/data/pdbbind_sample/4cwb/4cwb_ligand.sdf
v, examples/data/pdbbind_sample/4deh/4deh_pocket.pdb, examples/data/pdbbind_sample/4deh/4deh_ligand.sdf
v, examples/data/pdbbind_sample/4dkt/4dkt_pocket.pdb, examples/data/pdbbind_sample/4dkt/4dkt_ligand.sdf
v, examples/data/pdbbind_sample/4dr9/4dr9_pocket.pdb, examples/data/pdbbind_sample/4dr9/4dr9_ligand.sdf
v, examples/data/pdbbind_sample/4dx9/4dx9_pocket.pdb, examples/data/pdbbind_sample/4dx9/4dx9_ligand.sdf
v, examples/data/pdbbind_sample/4ebw/4ebw_pocket.pdb, examples/data/pdbbind_sample/4ebw/4ebw_ligand.sdf
v, examples/data/pdbbind_sample/4ef4/4ef4_pocket.pdb, examples/data/pdbbind_sample/4ef4/4ef4_ligand.sdf
v, examples/data/pdbbind_sample/4ele/4ele_pocket.pdb, examples/data/pdbbind_sample/4ele/4ele_ligand.sdf
v, examples/data/pdbbind_sample/4emt/4emt_pocket.pdb, examples/data/pdbbind_sample/4emt/4emt_ligand.sdf
v, examples/data/pdbbind_sample/4eoi/4eoi_pocket.pdb, examples/data/pdbbind_sample/4eoi/4eoi_ligand.sdf
v, examples/data/pdbbind_sample/4esi/4esi_pocket.pdb, examples/data/pdbbind_sample/4esi/4esi_ligand.sdf
v, examples/data/pdbbind_sample/4f65/4f65_pocket.pdb, examples/data/pdbbind_sample/4f65/4f65_ligand.sdf
v, examples/data/pdbbind_sample/4fea/4fea_pocket.pdb, examples/data/pdbbind_sample/4fea/4fea_ligand.sdf
v, examples/data/pdbbind_sample/4g31/4g31_pocket.pdb, examples/data/pdbbind_sample/4g31/4g31_ligand.sdf
v, examples/data/pdbbind_sample/4g8o/4g8o_pocket.pdb, examples/data/pdbbind_sample/4g8o/4g8o_ligand.sdf
v, examples/data/pdbbind_sample/4gby/4gby_pocket.pdb, examples/data/pdbbind_sample/4gby/4gby_ligand.sdf
v, examples/data/pdbbind_sample/4gjc/4gjc_pocket.pdb, examples/data/pdbbind_sample/4gjc/4gjc_ligand.sdf
v, examples/data/pdbbind_sample/4gng/4gng_pocket.pdb, examples/data/pdbbind_sample/4gng/4gng_ligand.sdf
v, examples/data/pdbbind_sample/4gs8/4gs8_pocket.pdb, examples/data/pdbbind_sample/4gs8/4gs8_ligand.sdf
v, examples/data/pdbbind_sample/4gw5/4gw5_pocket.pdb, examples/data/pdbbind_sample/4gw5/4gw5_ligand.sdf
v, examples/data/pdbbind_sample/4h1j/4h1j_pocket.pdb, examples/data/pdbbind_sample/4h1j/4h1j_ligand.sdf
v, examples/data/pdbbind_sample/4hlf/4hlf_pocket.pdb, examples/data/pdbbind_sample/4hlf/4hlf_ligand.sdf
v, examples/data/pdbbind_sample/4hv3/4hv3_pocket.pdb, examples/data/pdbbind_sample/4hv3/4hv3_ligand.sdf
v, examples/data/pdbbind_sample/4hvi/4hvi_pocket.pdb, examples/data/pdbbind_sample/4hvi/4hvi_ligand.sdf
v, examples/data/pdbbind_sample/4i06/4i06_pocket.pdb, examples/data/pdbbind_sample/4i06/4i06_ligand.sdf
v, examples/data/pdbbind_sample/4i60/4i60_pocket.pdb, examples/data/pdbbind_sample/4i60/4i60_ligand.sdf
v, examples/data/pdbbind_sample/4iax/4iax_pocket.pdb, examples/data/pdbbind_sample/4iax/4iax_ligand.sdf
v, examples/data/pdbbind_sample/4j3i/4j3i_pocket.pdb, examples/data/pdbbind_sample/4j3i/4j3i_ligand.sdf
v, examples/data/pdbbind_sample/4j7i/4j7i_pocket.pdb, examples/data/pdbbind_sample/4j7i/4j7i_ligand.sdf
v, examples/data/pdbbind_sample/4jr3/4jr3_pocket.pdb, examples/data/pdbbind_sample/4jr3/4jr3_ligand.sdf
v, examples/data/pdbbind_sample/4jt9/4jt9_pocket.pdb, examples/data/pdbbind_sample/4jt9/4jt9_ligand.sdf
v, examples/data/pdbbind_sample/4jx7/4jx7_pocket.pdb, examples/data/pdbbind_sample/4jx7/4jx7_ligand.sdf
v, examples/data/pdbbind_sample/4k1e/4k1e_pocket.pdb, examples/data/pdbbind_sample/4k1e/4k1e_ligand.sdf
v, examples/data/pdbbind_sample/4l0l/4l0l_pocket.pdb, examples/data/pdbbind_sample/4l0l/4l0l_ligand.sdf
v, examples/data/pdbbind_sample/4l0v/4l0v_pocket.pdb, examples/data/pdbbind_sample/4l0v/4l0v_ligand.sdf
v, examples/data/pdbbind_sample/4l7n/4l7n_pocket.pdb, examples/data/pdbbind_sample/4l7n/4l7n_ligand.sdf
v, examples/data/pdbbind_sample/4lil/4lil_pocket.pdb, examples/data/pdbbind_sample/4lil/4lil_ligand.sdf
v, examples/data/pdbbind_sample/4lwc/4lwc_pocket.pdb, examples/data/pdbbind_sample/4lwc/4lwc_ligand.sdf
v, examples/data/pdbbind_sample/4lxa/4lxa_pocket.pdb, examples/data/pdbbind_sample/4lxa/4lxa_ligand.sdf
v, examples/data/pdbbind_sample/4m1d/4m1d_pocket.pdb, examples/data/pdbbind_sample/4m1d/4m1d_ligand.sdf
v, examples/data/pdbbind_sample/4mk0/4mk0_pocket.pdb, examples/data/pdbbind_sample/4mk0/4mk0_ligand.sdf
v, examples/data/pdbbind_sample/4mnv/4mnv_pocket.pdb, examples/data/pdbbind_sample/4mnv/4mnv_ligand.sdf
v, examples/data/pdbbind_sample/4n84/4n84_pocket.pdb, examples/data/pdbbind_sample/4n84/4n84_ligand.sdf
v, examples/data/pdbbind_sample/4nrb/4nrb_pocket.pdb, examples/data/pdbbind_sample/4nrb/4nrb_ligand.sdf
v, examples/data/pdbbind_sample/4nru/4nru_pocket.pdb, examples/data/pdbbind_sample/4nru/4nru_ligand.sdf
v, examples/data/pdbbind_sample/4o12/4o12_pocket.pdb, examples/data/pdbbind_sample/4o12/4o12_ligand.sdf
v, examples/data/pdbbind_sample/4o4g/4o4g_pocket.pdb, examples/data/pdbbind_sample/4o4g/4o4g_ligand.sdf
v, examples/data/pdbbind_sample/4ob2/4ob2_pocket.pdb, examples/data/pdbbind_sample/4ob2/4ob2_ligand.sdf
v, examples/data/pdbbind_sample/4oel/4oel_pocket.pdb, examples/data/pdbbind_sample/4oel/4oel_ligand.sdf
v, examples/data/pdbbind_sample/4oyt/4oyt_pocket.pdb, examples/data/pdbbind_sample/4oyt/4oyt_ligand.sdf
v, examples/data/pdbbind_sample/4pde/4pde_pocket.pdb, examples/data/pdbbind_sample/4pde/4pde_ligand.sdf
v, examples/data/pdbbind_sample/4pgd/4pgd_pocket.pdb, examples/data/pdbbind_sample/4pgd/4pgd_ligand.sdf
v, examples/data/pdbbind_sample/4pgh/4pgh_pocket.pdb, examples/data/pdbbind_sample/4pgh/4pgh_ligand.sdf
v, examples/data/pdbbind_sample/4pl6/4pl6_pocket.pdb, examples/data/pdbbind_sample/4pl6/4pl6_ligand.sdf
v, examples/data/pdbbind_sample/4pni/4pni_pocket.pdb, examples/data/pdbbind_sample/4pni/4pni_ligand.sdf
v, examples/data/pdbbind_sample/4po7/4po7_pocket.pdb, examples/data/pdbbind_sample/4po7/4po7_ligand.sdf
v, examples/data/pdbbind_sample/4prn/4prn_pocket.pdb, examples/data/pdbbind_sample/4prn/4prn_ligand.sdf
v, examples/data/pdbbind_sample/4pyo/4pyo_pocket.pdb, examples/data/pdbbind_sample/4pyo/4pyo_ligand.sdf
v, examples/data/pdbbind_sample/4q6f/4q6f_pocket.pdb, examples/data/pdbbind_sample/4q6f/4q6f_ligand.sdf
v, examples/data/pdbbind_sample/4qip/4qip_pocket.pdb, examples/data/pdbbind_sample/4qip/4qip_ligand.sdf
v, examples/data/pdbbind_sample/4qmq/4qmq_pocket.pdb, examples/data/pdbbind_sample/4qmq/4qmq_ligand.sdf
v, examples/data/pdbbind_sample/4qmx/4qmx_pocket.pdb, examples/data/pdbbind_sample/4qmx/4qmx_ligand.sdf
v, examples/data/pdbbind_sample/4qr4/4qr4_pocket.pdb, examples/data/pdbbind_sample/4qr4/4qr4_ligand.sdf
v, examples/data/pdbbind_sample/4qsw/4qsw_pocket.pdb, examples/data/pdbbind_sample/4qsw/4qsw_ligand.sdf
v, examples/data/pdbbind_sample/4qw7/4qw7_pocket.pdb, examples/data/pdbbind_sample/4qw7/4qw7_ligand.sdf
v, examples/data/pdbbind_sample/4rcd/4rcd_pocket.pdb, examples/data/pdbbind_sample/4rcd/4rcd_ligand.sdf
v, examples/data/pdbbind_sample/4rn2/4rn2_pocket.pdb, examples/data/pdbbind_sample/4rn2/4rn2_ligand.sdf
v, examples/data/pdbbind_sample/4rt1/4rt1_pocket.pdb, examples/data/pdbbind_sample/4rt1/4rt1_ligand.sdf
v, examples/data/pdbbind_sample/4tk4/4tk4_pocket.pdb, examples/data/pdbbind_sample/4tk4/4tk4_ligand.sdf
v, examples/data/pdbbind_sample/4tkg/4tkg_pocket.pdb, examples/data/pdbbind_sample/4tkg/4tkg_ligand.sdf
v, examples/data/pdbbind_sample/4tx6/4tx6_pocket.pdb, examples/data/pdbbind_sample/4tx6/4tx6_ligand.sdf
v, examples/data/pdbbind_sample/4tyt/4tyt_pocket.pdb, examples/data/pdbbind_sample/4tyt/4tyt_ligand.sdf
v, examples/data/pdbbind_sample/4tzm/4tzm_pocket.pdb, examples/data/pdbbind_sample/4tzm/4tzm_ligand.sdf
v, examples/data/pdbbind_sample/4u0i/4u0i_pocket.pdb, examples/data/pdbbind_sample/4u0i/4u0i_ligand.sdf
v, examples/data/pdbbind_sample/4uau/4uau_pocket.pdb, examples/data/pdbbind_sample/4uau/4uau_ligand.sdf
v, examples/data/pdbbind_sample/4ud7/4ud7_pocket.pdb, examples/data/pdbbind_sample/4ud7/4ud7_ligand.sdf
v, examples/data/pdbbind_sample/4uff/4uff_pocket.pdb, examples/data/pdbbind_sample/4uff/4uff_ligand.sdf
v, examples/data/pdbbind_sample/4uiv/4uiv_pocket.pdb, examples/data/pdbbind_sample/4uiv/4uiv_ligand.sdf
v, examples/data/pdbbind_sample/4umq/4umq_pocket.pdb, examples/data/pdbbind_sample/4umq/4umq_ligand.sdf
v, examples/data/pdbbind_sample/4uva/4uva_pocket.pdb, examples/data/pdbbind_sample/4uva/4uva_ligand.sdf
v, examples/data/pdbbind_sample/4uvb/4uvb_pocket.pdb, examples/data/pdbbind_sample/4uvb/4uvb_ligand.sdf
v, examples/data/pdbbind_sample/4w5a/4w5a_pocket.pdb, examples/data/pdbbind_sample/4w5a/4w5a_ligand.sdf
v, examples/data/pdbbind_sample/4wcf/4wcf_pocket.pdb, examples/data/pdbbind_sample/4wcf/4wcf_ligand.sdf
v, examples/data/pdbbind_sample/4wwp/4wwp_pocket.pdb, examples/data/pdbbind_sample/4wwp/4wwp_ligand.sdf
v, examples/data/pdbbind_sample/4x47/4x47_pocket.pdb, examples/data/pdbbind_sample/4x47/4x47_ligand.sdf
v, examples/data/pdbbind_sample/4xg3/4xg3_pocket.pdb, examples/data/pdbbind_sample/4xg3/4xg3_ligand.sdf
v, examples/data/pdbbind_sample/4xnw/4xnw_pocket.pdb, examples/data/pdbbind_sample/4xnw/4xnw_ligand.sdf
v, examples/data/pdbbind_sample/4y32/4y32_pocket.pdb, examples/data/pdbbind_sample/4y32/4y32_ligand.sdf
v, examples/data/pdbbind_sample/4y73/4y73_pocket.pdb, examples/data/pdbbind_sample/4y73/4y73_ligand.sdf
v, examples/data/pdbbind_sample/4y8y/4y8y_pocket.pdb, examples/data/pdbbind_sample/4y8y/4y8y_ligand.sdf
v, examples/data/pdbbind_sample/4ybt/4ybt_pocket.pdb, examples/data/pdbbind_sample/4ybt/4ybt_ligand.sdf
v, examples/data/pdbbind_sample/4ydg/4ydg_pocket.pdb, examples/data/pdbbind_sample/4ydg/4ydg_ligand.sdf
v, examples/data/pdbbind_sample/4ym4/4ym4_pocket.pdb, examples/data/pdbbind_sample/4ym4/4ym4_ligand.sdf
v, examples/data/pdbbind_sample/4yw6/4yw6_pocket.pdb, examples/data/pdbbind_sample/4yw6/4yw6_ligand.sdf
v, examples/data/pdbbind_sample/4ywa/4ywa_pocket.pdb, examples/data/pdbbind_sample/4ywa/4ywa_ligand.sdf
v, examples/data/pdbbind_sample/4z0u/4z0u_pocket.pdb, examples/data/pdbbind_sample/4z0u/4z0u_ligand.sdf
v, examples/data/pdbbind_sample/4z22/4z22_pocket.pdb, examples/data/pdbbind_sample/4z22/4z22_ligand.sdf
v, examples/data/pdbbind_sample/4zim/4zim_pocket.pdb, examples/data/pdbbind_sample/4zim/4zim_ligand.sdf
v, examples/data/pdbbind_sample/4zyy/4zyy_pocket.pdb, examples/data/pdbbind_sample/4zyy/4zyy_ligand.sdf
v, examples/data/pdbbind_sample/5a2j/5a2j_pocket.pdb, examples/data/pdbbind_sample/5a2j/5a2j_ligand.sdf
v, examples/data/pdbbind_sample/5a4e/5a4e_pocket.pdb, examples/data/pdbbind_sample/5a4e/5a4e_ligand.sdf
v, examples/data/pdbbind_sample/5a7c/5a7c_pocket.pdb, examples/data/pdbbind_sample/5a7c/5a7c_ligand.sdf
v, examples/data/pdbbind_sample/5aep/5aep_pocket.pdb, examples/data/pdbbind_sample/5aep/5aep_ligand.sdf
v, examples/data/pdbbind_sample/5ak6/5ak6_pocket.pdb, examples/data/pdbbind_sample/5ak6/5ak6_ligand.sdf
v, examples/data/pdbbind_sample/5akg/5akg_pocket.pdb, examples/data/pdbbind_sample/5akg/5akg_ligand.sdf
v, examples/data/pdbbind_sample/5alh/5alh_pocket.pdb, examples/data/pdbbind_sample/5alh/5alh_ligand.sdf
v, examples/data/pdbbind_sample/5alu/5alu_pocket.pdb, examples/data/pdbbind_sample/5alu/5alu_ligand.sdf
v, examples/data/pdbbind_sample/5alx/5alx_pocket.pdb, examples/data/pdbbind_sample/5alx/5alx_ligand.sdf
v, examples/data/pdbbind_sample/5bqs/5bqs_pocket.pdb, examples/data/pdbbind_sample/5bqs/5bqs_ligand.sdf
v, examples/data/pdbbind_sample/5bui/5bui_pocket.pdb, examples/data/pdbbind_sample/5bui/5bui_ligand.sdf
v, examples/data/pdbbind_sample/5bvd/5bvd_pocket.pdb, examples/data/pdbbind_sample/5bvd/5bvd_ligand.sdf
v, examples/data/pdbbind_sample/5c7a/5c7a_pocket.pdb, examples/data/pdbbind_sample/5c7a/5c7a_ligand.sdf
v, examples/data/pdbbind_sample/5d1j/5d1j_pocket.pdb, examples/data/pdbbind_sample/5d1j/5d1j_ligand.sdf
v, examples/data/pdbbind_sample/5ddd/5ddd_pocket.pdb, examples/data/pdbbind_sample/5ddd/5ddd_ligand.sdf
v, examples/data/pdbbind_sample/5e2w/5e2w_pocket.pdb, examples/data/pdbbind_sample/5e2w/5e2w_ligand.sdf
v, examples/data/pdbbind_sample/5e8a/5e8a_pocket.pdb, examples/data/pdbbind_sample/5e8a/5e8a_ligand.sdf
v, examples/data/pdbbind_sample/5eec/5eec_pocket.pdb, examples/data/pdbbind_sample/5eec/5eec_ligand.sdf
v, examples/data/pdbbind_sample/5enb/5enb_pocket.pdb, examples/data/pdbbind_sample/5enb/5enb_ligand.sdf
v, examples/data/pdbbind_sample/5gmp/5gmp_pocket.pdb, examples/data/pdbbind_sample/5gmp/5gmp_ligand.sdf
v, examples/data/pdbbind_sample/5h5o/5h5o_pocket.pdb, examples/data/pdbbind_sample/5h5o/5h5o_ligand.sdf
v, examples/data/pdbbind_sample/5h7g/5h7g_pocket.pdb, examples/data/pdbbind_sample/5h7g/5h7g_ligand.sdf
v, examples/data/pdbbind_sample/5hd0/5hd0_pocket.pdb, examples/data/pdbbind_sample/5hd0/5hd0_ligand.sdf
v, examples/data/pdbbind_sample/5he7/5he7_pocket.pdb, examples/data/pdbbind_sample/5he7/5he7_ligand.sdf
v, examples/data/pdbbind_sample/5hld/5hld_pocket.pdb, examples/data/pdbbind_sample/5hld/5hld_ligand.sdf
v, examples/data/pdbbind_sample/5hmk/5hmk_pocket.pdb, examples/data/pdbbind_sample/5hmk/5hmk_ligand.sdf
v, examples/data/pdbbind_sample/5iaw/5iaw_pocket.pdb, examples/data/pdbbind_sample/5iaw/5iaw_ligand.sdf
v, examples/data/pdbbind_sample/5id0/5id0_pocket.pdb, examples/data/pdbbind_sample/5id0/5id0_ligand.sdf
v, examples/data/pdbbind_sample/5if4/5if4_pocket.pdb, examples/data/pdbbind_sample/5if4/5if4_ligand.sdf
v, examples/data/pdbbind_sample/5ijp/5ijp_pocket.pdb, examples/data/pdbbind_sample/5ijp/5ijp_ligand.sdf
v, examples/data/pdbbind_sample/5isl/5isl_pocket.pdb, examples/data/pdbbind_sample/5isl/5isl_ligand.sdf
v, examples/data/pdbbind_sample/5iua/5iua_pocket.pdb, examples/data/pdbbind_sample/5iua/5iua_ligand.sdf
v, examples/data/pdbbind_sample/5ivz/5ivz_pocket.pdb, examples/data/pdbbind_sample/5ivz/5ivz_ligand.sdf
v, examples/data/pdbbind_sample/5izc/5izc_pocket.pdb, examples/data/pdbbind_sample/5izc/5izc_ligand.sdf
v, examples/data/pdbbind_sample/5j5x/5j5x_pocket.pdb, examples/data/pdbbind_sample/5j5x/5j5x_ligand.sdf
v, examples/data/pdbbind_sample/5j6d/5j6d_pocket.pdb, examples/data/pdbbind_sample/5j6d/5j6d_ligand.sdf
v, examples/data/pdbbind_sample/5juz/5juz_pocket.pdb, examples/data/pdbbind_sample/5juz/5juz_ligand.sdf
v, examples/data/pdbbind_sample/5k05/5k05_pocket.pdb, examples/data/pdbbind_sample/5k05/5k05_ligand.sdf
v, examples/data/pdbbind_sample/5k5e/5k5e_pocket.pdb, examples/data/pdbbind_sample/5k5e/5k5e_ligand.sdf
v, examples/data/pdbbind_sample/5kam/5kam_pocket.pdb, examples/data/pdbbind_sample/5kam/5kam_ligand.sdf
v, examples/data/pdbbind_sample/5kgn/5kgn_pocket.pdb, examples/data/pdbbind_sample/5kgn/5kgn_ligand.sdf
v, examples/data/pdbbind_sample/5kv8/5kv8_pocket.pdb, examples/data/pdbbind_sample/5kv8/5kv8_ligand.sdf
v, examples/data/pdbbind_sample/5kv9/5kv9_pocket.pdb, examples/data/pdbbind_sample/5kv9/5kv9_ligand.sdf
v, examples/data/pdbbind_sample/5l3g/5l3g_pocket.pdb, examples/data/pdbbind_sample/5l3g/5l3g_ligand.sdf
v, examples/data/pdbbind_sample/5lgs/5lgs_pocket.pdb, examples/data/pdbbind_sample/5lgs/5lgs_ligand.sdf
v, examples/data/pdbbind_sample/5lj1/5lj1_pocket.pdb, examples/data/pdbbind_sample/5lj1/5lj1_ligand.sdf
v, examples/data/pdbbind_sample/5lu2/5lu2_pocket.pdb, examples/data/pdbbind_sample/5lu2/5lu2_ligand.sdf
v, examples/data/pdbbind_sample/5lyw/5lyw_pocket.pdb, examples/data/pdbbind_sample/5lyw/5lyw_ligand.sdf
v, examples/data/pdbbind_sample/5m4f/5m4f_pocket.pdb, examples/data/pdbbind_sample/5m4f/5m4f_ligand.sdf
v, examples/data/pdbbind_sample/5m4k/5m4k_pocket.pdb, examples/data/pdbbind_sample/5m4k/5m4k_ligand.sdf
v, examples/data/pdbbind_sample/5mf6/5mf6_pocket.pdb, examples/data/pdbbind_sample/5mf6/5mf6_ligand.sdf
v, examples/data/pdbbind_sample/5mwj/5mwj_pocket.pdb, examples/data/pdbbind_sample/5mwj/5mwj_ligand.sdf
v, examples/data/pdbbind_sample/5ncz/5ncz_pocket.pdb, examples/data/pdbbind_sample/5ncz/5ncz_ligand.sdf
v, examples/data/pdbbind_sample/5nw8/5nw8_pocket.pdb, examples/data/pdbbind_sample/5nw8/5nw8_ligand.sdf
v, examples/data/pdbbind_sample/5ot3/5ot3_pocket.pdb, examples/data/pdbbind_sample/5ot3/5ot3_ligand.sdf
v, examples/data/pdbbind_sample/5q0g/5q0g_pocket.pdb, examples/data/pdbbind_sample/5q0g/5q0g_ligand.sdf
v, examples/data/pdbbind_sample/5q0p/5q0p_pocket.pdb, examples/data/pdbbind_sample/5q0p/5q0p_ligand.sdf
v, examples/data/pdbbind_sample/5q0x/5q0x_pocket.pdb, examples/data/pdbbind_sample/5q0x/5q0x_ligand.sdf
v, examples/data/pdbbind_sample/5qa9/5qa9_pocket.pdb, examples/data/pdbbind_sample/5qa9/5qa9_ligand.sdf
v, examples/data/pdbbind_sample/5qb2/5qb2_pocket.pdb, examples/data/pdbbind_sample/5qb2/5qb2_ligand.sdf
v, examples/data/pdbbind_sample/5sy3/5sy3_pocket.pdb, examples/data/pdbbind_sample/5sy3/5sy3_ligand.sdf
v, examples/data/pdbbind_sample/5t68/5t68_pocket.pdb, examples/data/pdbbind_sample/5t68/5t68_ligand.sdf
v, examples/data/pdbbind_sample/5t8r/5t8r_pocket.pdb, examples/data/pdbbind_sample/5t8r/5t8r_ligand.sdf
v, examples/data/pdbbind_sample/5tqf/5tqf_pocket.pdb, examples/data/pdbbind_sample/5tqf/5tqf_ligand.sdf
v, examples/data/pdbbind_sample/5tv3/5tv3_pocket.pdb, examples/data/pdbbind_sample/5tv3/5tv3_ligand.sdf
v, examples/data/pdbbind_sample/5tyk/5tyk_pocket.pdb, examples/data/pdbbind_sample/5tyk/5tyk_ligand.sdf
v, examples/data/pdbbind_sample/5u6v/5u6v_pocket.pdb, examples/data/pdbbind_sample/5u6v/5u6v_ligand.sdf
v, examples/data/pdbbind_sample/5u98/5u98_pocket.pdb, examples/data/pdbbind_sample/5u98/5u98_ligand.sdf
v, examples/data/pdbbind_sample/5ubt/5ubt_pocket.pdb, examples/data/pdbbind_sample/5ubt/5ubt_ligand.sdf
v, examples/data/pdbbind_sample/5uc1/5uc1_pocket.pdb, examples/data/pdbbind_sample/5uc1/5uc1_ligand.sdf
v, examples/data/pdbbind_sample/5uz0/5uz0_pocket.pdb, examples/data/pdbbind_sample/5uz0/5uz0_ligand.sdf
v, examples/data/pdbbind_sample/5v3x/5v3x_pocket.pdb, examples/data/pdbbind_sample/5v3x/5v3x_ligand.sdf
v, examples/data/pdbbind_sample/5vrl/5vrl_pocket.pdb, examples/data/pdbbind_sample/5vrl/5vrl_ligand.sdf
v, examples/data/pdbbind_sample/5w5j/5w5j_pocket.pdb, examples/data/pdbbind_sample/5w5j/5w5j_ligand.sdf
v, examples/data/pdbbind_sample/5wa7/5wa7_pocket.pdb, examples/data/pdbbind_sample/5wa7/5wa7_ligand.sdf
v, examples/data/pdbbind_sample/5wf6/5wf6_pocket.pdb, examples/data/pdbbind_sample/5wf6/5wf6_ligand.sdf
v, examples/data/pdbbind_sample/5wzr/5wzr_pocket.pdb, examples/data/pdbbind_sample/5wzr/5wzr_ligand.sdf
v, examples/data/pdbbind_sample/5x27/5x27_pocket.pdb, examples/data/pdbbind_sample/5x27/5x27_ligand.sdf
v, examples/data/pdbbind_sample/5x4o/5x4o_pocket.pdb, examples/data/pdbbind_sample/5x4o/5x4o_ligand.sdf
v, examples/data/pdbbind_sample/5y3o/5y3o_pocket.pdb, examples/data/pdbbind_sample/5y3o/5y3o_ligand.sdf
v, examples/data/pdbbind_sample/5y7j/5y7j_pocket.pdb, examples/data/pdbbind_sample/5y7j/5y7j_ligand.sdf
v, examples/data/pdbbind_sample/5yz7/5yz7_pocket.pdb, examples/data/pdbbind_sample/5yz7/5yz7_ligand.sdf
v, examples/data/pdbbind_sample/5za2/5za2_pocket.pdb, examples/data/pdbbind_sample/5za2/5za2_ligand.sdf
v, examples/data/pdbbind_sample/5zr3/5zr3_pocket.pdb, examples/data/pdbbind_sample/5zr3/5zr3_ligand.sdf
v, examples/data/pdbbind_sample/5zun/5zun_pocket.pdb, examples/data/pdbbind_sample/5zun/5zun_ligand.sdf
v, examples/data/pdbbind_sample/6a6w/6a6w_pocket.pdb, examples/data/pdbbind_sample/6a6w/6a6w_ligand.sdf
v, examples/data/pdbbind_sample/6aan/6aan_pocket.pdb, examples/data/pdbbind_sample/6aan/6aan_ligand.sdf
v, examples/data/pdbbind_sample/6abk/6abk_pocket.pdb, examples/data/pdbbind_sample/6abk/6abk_ligand.sdf
v, examples/data/pdbbind_sample/6af9/6af9_pocket.pdb, examples/data/pdbbind_sample/6af9/6af9_ligand.sdf
v, examples/data/pdbbind_sample/6an1/6an1_pocket.pdb, examples/data/pdbbind_sample/6an1/6an1_ligand.sdf
v, examples/data/pdbbind_sample/6aqo/6aqo_pocket.pdb, examples/data/pdbbind_sample/6aqo/6aqo_ligand.sdf
v, examples/data/pdbbind_sample/6arj/6arj_pocket.pdb, examples/data/pdbbind_sample/6arj/6arj_ligand.sdf
v, examples/data/pdbbind_sample/6b1h/6b1h_pocket.pdb, examples/data/pdbbind_sample/6b1h/6b1h_ligand.sdf
v, examples/data/pdbbind_sample/6bqg/6bqg_pocket.pdb, examples/data/pdbbind_sample/6bqg/6bqg_ligand.sdf
v, examples/data/pdbbind_sample/6bto/6bto_pocket.pdb, examples/data/pdbbind_sample/6bto/6bto_ligand.sdf
v, examples/data/pdbbind_sample/6ct7/6ct7_pocket.pdb, examples/data/pdbbind_sample/6ct7/6ct7_ligand.sdf
v, examples/data/pdbbind_sample/6da4/6da4_pocket.pdb, examples/data/pdbbind_sample/6da4/6da4_ligand.sdf
v, examples/data/pdbbind_sample/6db4/6db4_pocket.pdb, examples/data/pdbbind_sample/6db4/6db4_ligand.sdf
v, examples/data/pdbbind_sample/6dry/6dry_pocket.pdb, examples/data/pdbbind_sample/6dry/6dry_ligand.sdf
v, examples/data/pdbbind_sample/6dtw/6dtw_pocket.pdb, examples/data/pdbbind_sample/6dtw/6dtw_ligand.sdf
v, examples/data/pdbbind_sample/6duk/6duk_pocket.pdb, examples/data/pdbbind_sample/6duk/6duk_ligand.sdf
v, examples/data/pdbbind_sample/6dxx/6dxx_pocket.pdb, examples/data/pdbbind_sample/6dxx/6dxx_ligand.sdf
v, examples/data/pdbbind_sample/6e2n/6e2n_pocket.pdb, examples/data/pdbbind_sample/6e2n/6e2n_ligand.sdf
v, examples/data/pdbbind_sample/6e3m/6e3m_pocket.pdb, examples/data/pdbbind_sample/6e3m/6e3m_ligand.sdf
v, examples/data/pdbbind_sample/6e7s/6e7s_pocket.pdb, examples/data/pdbbind_sample/6e7s/6e7s_ligand.sdf
v, examples/data/pdbbind_sample/6e86/6e86_pocket.pdb, examples/data/pdbbind_sample/6e86/6e86_ligand.sdf
v, examples/data/pdbbind_sample/6efk/6efk_pocket.pdb, examples/data/pdbbind_sample/6efk/6efk_ligand.sdf
v, examples/data/pdbbind_sample/6egs/6egs_pocket.pdb, examples/data/pdbbind_sample/6egs/6egs_ligand.sdf
v, examples/data/pdbbind_sample/6ej4/6ej4_pocket.pdb, examples/data/pdbbind_sample/6ej4/6ej4_ligand.sdf
v, examples/data/pdbbind_sample/6eqa/6eqa_pocket.pdb, examples/data/pdbbind_sample/6eqa/6eqa_ligand.sdf
v, examples/data/pdbbind_sample/6euv/6euv_pocket.pdb, examples/data/pdbbind_sample/6euv/6euv_ligand.sdf
v, examples/data/pdbbind_sample/6f3e/6f3e_pocket.pdb, examples/data/pdbbind_sample/6f3e/6f3e_ligand.sdf
v, examples/data/pdbbind_sample/6f8v/6f8v_pocket.pdb, examples/data/pdbbind_sample/6f8v/6f8v_ligand.sdf
v, examples/data/pdbbind_sample/6fdc/6fdc_pocket.pdb, examples/data/pdbbind_sample/6fdc/6fdc_ligand.sdf
v, examples/data/pdbbind_sample/6fod/6fod_pocket.pdb, examples/data/pdbbind_sample/6fod/6fod_ligand.sdf
v, examples/data/pdbbind_sample/6fv1/6fv1_pocket.pdb, examples/data/pdbbind_sample/6fv1/6fv1_ligand.sdf
v, examples/data/pdbbind_sample/6fzm/6fzm_pocket.pdb, examples/data/pdbbind_sample/6fzm/6fzm_ligand.sdf
v, examples/data/pdbbind_sample/6g4m/6g4m_pocket.pdb, examples/data/pdbbind_sample/6g4m/6g4m_ligand.sdf
v, examples/data/pdbbind_sample/6g8j/6g8j_pocket.pdb, examples/data/pdbbind_sample/6g8j/6g8j_ligand.sdf
v, examples/data/pdbbind_sample/6g9b/6g9b_pocket.pdb, examples/data/pdbbind_sample/6g9b/6g9b_ligand.sdf
v, examples/data/pdbbind_sample/6gfy/6gfy_pocket.pdb, examples/data/pdbbind_sample/6gfy/6gfy_ligand.sdf
v, examples/data/pdbbind_sample/6ggn/6ggn_pocket.pdb, examples/data/pdbbind_sample/6ggn/6ggn_ligand.sdf
v, examples/data/pdbbind_sample/6h1i/6h1i_pocket.pdb, examples/data/pdbbind_sample/6h1i/6h1i_ligand.sdf
v, examples/data/pdbbind_sample/6h4q/6h4q_pocket.pdb, examples/data/pdbbind_sample/6h4q/6h4q_ligand.sdf
v, examples/data/pdbbind_sample/6hb5/6hb5_pocket.pdb, examples/data/pdbbind_sample/6hb5/6hb5_ligand.sdf
v, examples/data/pdbbind_sample/6hck/6hck_pocket.pdb, examples/data/pdbbind_sample/6hck/6hck_ligand.sdf
v, examples/data/pdbbind_sample/6hhi/6hhi_pocket.pdb, examples/data/pdbbind_sample/6hhi/6hhi_ligand.sdf
v, examples/data/pdbbind_sample/6hld/6hld_pocket.pdb, examples/data/pdbbind_sample/6hld/6hld_ligand.sdf
v, examples/data/pdbbind_sample/6hm6/6hm6_pocket.pdb, examples/data/pdbbind_sample/6hm6/6hm6_ligand.sdf
v, examples/data/pdbbind_sample/6hol/6hol_pocket.pdb, examples/data/pdbbind_sample/6hol/6hol_ligand.sdf
v, examples/data/pdbbind_sample/6hu2/6hu2_pocket.pdb, examples/data/pdbbind_sample/6hu2/6hu2_ligand.sdf
v, examples/data/pdbbind_sample/6hzv/6hzv_pocket.pdb, examples/data/pdbbind_sample/6hzv/6hzv_ligand.sdf
v, examples/data/pdbbind_sample/6i0b/6i0b_pocket.pdb, examples/data/pdbbind_sample/6i0b/6i0b_ligand.sdf
v, examples/data/pdbbind_sample/6i1r/6i1r_pocket.pdb, examples/data/pdbbind_sample/6i1r/6i1r_ligand.sdf
v, examples/data/pdbbind_sample/6jn5/6jn5_pocket.pdb, examples/data/pdbbind_sample/6jn5/6jn5_ligand.sdf
v, examples/data/pdbbind_sample/6jsn/6jsn_pocket.pdb, examples/data/pdbbind_sample/6jsn/6jsn_ligand.sdf
v, examples/data/pdbbind_sample/6k1q/6k1q_pocket.pdb, examples/data/pdbbind_sample/6k1q/6k1q_ligand.sdf
v, examples/data/pdbbind_sample/6k4x/6k4x_pocket.pdb, examples/data/pdbbind_sample/6k4x/6k4x_ligand.sdf
v, examples/data/pdbbind_sample/6m9l/6m9l_pocket.pdb, examples/data/pdbbind_sample/6m9l/6m9l_ligand.sdf
v, examples/data/pdbbind_sample/6min/6min_pocket.pdb, examples/data/pdbbind_sample/6min/6min_ligand.sdf
v, examples/data/pdbbind_sample/6mkq/6mkq_pocket.pdb, examples/data/pdbbind_sample/6mkq/6mkq_ligand.sdf
v, examples/data/pdbbind_sample/6mt4/6mt4_pocket.pdb, examples/data/pdbbind_sample/6mt4/6mt4_ligand.sdf
v, examples/data/pdbbind_sample/6n0m/6n0m_pocket.pdb, examples/data/pdbbind_sample/6n0m/6n0m_ligand.sdf
v, examples/data/pdbbind_sample/6n3o/6n3o_pocket.pdb, examples/data/pdbbind_sample/6n3o/6n3o_ligand.sdf
v, examples/data/pdbbind_sample/6n7y/6n7y_pocket.pdb, examples/data/pdbbind_sample/6n7y/6n7y_ligand.sdf
v, examples/data/pdbbind_sample/6n9t/6n9t_pocket.pdb, examples/data/pdbbind_sample/6n9t/6n9t_ligand.sdf
v, examples/data/pdbbind_sample/6nsq/6nsq_pocket.pdb, examples/data/pdbbind_sample/6nsq/6nsq_ligand.sdf
v, examples/data/pdbbind_sample/6nzm/6nzm_pocket.pdb, examples/data/pdbbind_sample/6nzm/6nzm_ligand.sdf
v, examples/data/pdbbind_sample/6om4/6om4_pocket.pdb, examples/data/pdbbind_sample/6om4/6om4_ligand.sdf
v, examples/data/pdbbind_sample/6ow2/6ow2_pocket.pdb, examples/data/pdbbind_sample/6ow2/6ow2_ligand.sdf
v, examples/data/pdbbind_sample/6prt/6prt_pocket.pdb, examples/data/pdbbind_sample/6prt/6prt_ligand.sdf
v, examples/data/pdbbind_sample/6ps0/6ps0_pocket.pdb, examples/data/pdbbind_sample/6ps0/6ps0_ligand.sdf
v, examples/data/pdbbind_sample/6pvs/6pvs_pocket.pdb, examples/data/pdbbind_sample/6pvs/6pvs_ligand.sdf
v, examples/data/pdbbind_sample/6q4q/6q4q_pocket.pdb, examples/data/pdbbind_sample/6q4q/6q4q_ligand.sdf
v, examples/data/pdbbind_sample/6qfw/6qfw_pocket.pdb, examples/data/pdbbind_sample/6qfw/6qfw_ligand.sdf
v, examples/data/pdbbind_sample/6qyp/6qyp_pocket.pdb, examples/data/pdbbind_sample/6qyp/6qyp_ligand.sdf
v, examples/data/pdbbind_sample/6qz6/6qz6_pocket.pdb, examples/data/pdbbind_sample/6qz6/6qz6_ligand.sdf
v, examples/data/pdbbind_sample/6r1x/6r1x_pocket.pdb, examples/data/pdbbind_sample/6r1x/6r1x_ligand.sdf
v, examples/data/pdbbind_sample/6r4v/6r4v_pocket.pdb, examples/data/pdbbind_sample/6r4v/6r4v_ligand.sdf
v, examples/data/pdbbind_sample/6rfj/6rfj_pocket.pdb, examples/data/pdbbind_sample/6rfj/6rfj_ligand.sdf
v, examples/data/pdbbind_sample/6rvf/6rvf_pocket.pdb, examples/data/pdbbind_sample/6rvf/6rvf_ligand.sdf
v, examples/data/pdbbind_sample/6ugo/6ugo_pocket.pdb, examples/data/pdbbind_sample/6ugo/6ugo_ligand.sdf
v, examples/data/pdbbind_sample/6v1c/6v1c_pocket.pdb, examples/data/pdbbind_sample/6v1c/6v1c_ligand.sdf
v, examples/data/pdbbind_sample/8lpr/8lpr_pocket.pdb, examples/data/pdbbind_sample/8lpr/8lpr_ligand.sdf
